{
	"driver_scores_basic": {
		"amoc": 0.33333333333333337,
		"binseg": 0.37499999999999994,
		"bocpd": 0.4,
		"bocpdms": 0.25,
		"cpnp": 0.5454545454545454,
		"ecp": 0.625,
		"kcpa": 0.25,
		"pelt": 0.30769230769230765,
		"rbocpdms": null,
		"rfpop": 0.30769230769230765,
		"segneigh": 0.30769230769230765,
		"wbs": 0.30769230769230765,
		"zero": 0.18181818181818182
	},
	"driver_scores_every1000": {
		"amoc": 0.4,
		"binseg": 0.4,
		"bocpd": 0.4,
		"bocpdms": 0.28571428571428575,
		"cpnp": 0.5,
		"ecp": 0.5,
		"kcpa": 0.2,
		"pelt": 0.4,
		"rbocpdms": null,
		"rfpop": 0.3333333333333333,
		"segneigh": 0.4,
		"wbs": 0.3333333333333333,
		"zero": 0.4
	},
	"driver_scores_every16": {
		"amoc": 0.015873015873015872,
		"binseg": 0.5399568034557235,
		"bocpd": 0.4686035613870665,
		"bocpdms": 0.015810276679841896,
		"cpnp": 0.6045340050377833,
		"ecp": 0.35816618911174786,
		"kcpa": 0.28506271379703535,
		"pelt": 0.65625,
		"rbocpdms": null,
		"rfpop": 0.06201550387596899,
		"segneigh": 0.6547884187082406,
		"wbs": 0.2337540906965872,
		"zero": 0.00796812749003984
	},
	"driver_scores_every2": {
		"amoc": 0.0019980019980019984,
		"binseg": 0.6675549633577615,
		"bocpd": 0.6518368722615436,
		"bocpdms": 0.003992015968063872,
		"cpnp": 0.9873417721518987,
		"ecp": 0.9443124835048826,
		"kcpa": 0.9997499374843711,
		"pelt": 0.9997499374843711,
		"rbocpdms": null,
		"rfpop": 0.0009995002498750627,
		"segneigh": 0.6666666666666666,
		"wbs": 0.9994997498749374,
		"zero": 0.0009995002498750627
	},
	"driver_scores_every20": {
		"amoc": 0.019801980198019802,
		"binseg": 0.45146726862302483,
		"bocpd": 0.39215686274509803,
		"bocpdms": 0.019704433497536946,
		"cpnp": 0.5739130434782609,
		"ecp": 0.29850746268656714,
		"kcpa": 0.23710729104919975,
		"pelt": 0.5994962216624684,
		"rbocpdms": null,
		"rfpop": 0.0392156862745098,
		"segneigh": 0.601010101010101,
		"wbs": 0.1927710843373494,
		"zero": 0.009950248756218907
	},
	"driver_scores_every4": {
		"amoc": 0.003992015968063872,
		"binseg": 0.963036963036963,
		"bocpd": 0.9806320081549439,
		"bocpdms": 0.009950248756218907,
		"cpnp": 0.7785130400934215,
		"ecp": 0.8812056737588653,
		"kcpa": 0.6951685783802571,
		"pelt": 0.9567031820552947,
		"rbocpdms": null,
		"rfpop": 0.005982053838484547,
		"segneigh": 0.9556135770234987,
		"wbs": 0.6846970215679561,
		"zero": 0.0019980019980019984
	},
	"driver_scores_every40": {
		"amoc": 0.019801980198019802,
		"binseg": 0.2528445006321112,
		"bocpd": 0.21810250817884402,
		"bocpdms": 0.019417475728155338,
		"cpnp": 0.41632653061224484,
		"ecp": 0.16625103906899416,
		"kcpa": 0.12845215157353887,
		"pelt": 0.3888888888888889,
		"rbocpdms": null,
		"rfpop": 0.056603773584905655,
		"segneigh": 0.3887147335423197,
		"wbs": 0.10204081632653061,
		"zero": 0.019801980198019802
	},
	"driver_scores_every400": {
		"amoc": 0.33333333333333337,
		"binseg": 0.2631578947368421,
		"bocpd": 0.5714285714285715,
		"bocpdms": 0.15384615384615383,
		"cpnp": 0.608695652173913,
		"ecp": 0.7,
		"kcpa": 0.5263157894736842,
		"pelt": 0.3636363636363636,
		"rbocpdms": null,
		"rfpop": 0.5333333333333333,
		"segneigh": 0.5333333333333333,
		"wbs": 0.18181818181818182,
		"zero": 0.18181818181818182
	},
	"driver_scores_every8": {
		"amoc": 0.00796812749003984,
		"binseg": 0.8417508417508417,
		"bocpd": 0.7575757575757575,
		"bocpdms": 0.023715415019762848,
		"cpnp": 0.8414055080721747,
		"ecp": 0.6101281269066504,
		"kcpa": 0.4522840343735866,
		"pelt": 0.8186753528773072,
		"rbocpdms": null,
		"rfpop": 0.023715415019762848,
		"segneigh": 0.814410480349345,
		"wbs": 0.4161464835622139,
		"zero": 0.003992015968063872
	},
	"driver_scores_every80": {
		"amoc": 0.07692307692307693,
		"binseg": 0.13793103448275862,
		"bocpd": 0.13870967741935486,
		"bocpdms": 0.038461538461538464,
		"cpnp": 0.38647342995169087,
		"ecp": 0.07993605115907275,
		"kcpa": 0.17857142857142858,
		"pelt": 0.38016528925619836,
		"rbocpdms": null,
		"rfpop": 0.10714285714285712,
		"segneigh": 0.38016528925619836,
		"wbs": 0.05189413596263622,
		"zero": 0.0392156862745098
	},
	"driver_scores_half": {
		"amoc": 1.0,
		"binseg": 1.0,
		"bocpd": 0.6666666666666666,
		"bocpdms": 0.6666666666666666,
		"cpnp": 0.5,
		"ecp": 0.5,
		"kcpa": 0.5,
		"pelt": 0.6666666666666666,
		"rbocpdms": null,
		"rfpop": 1.0,
		"segneigh": 0.6666666666666666,
		"wbs": 1.0,
		"zero": 0.6666666666666666
	},
	"driver_scores_none": {
		"amoc": 1.0,
		"binseg": 1.0,
		"bocpd": 1.0,
		"bocpdms": 0.5,
		"cpnp": 0.4,
		"ecp": 1.0,
		"kcpa": 1.0,
		"pelt": 1.0,
		"rbocpdms": null,
		"rfpop": 1.0,
		"segneigh": 1.0,
		"wbs": 1.0,
		"zero": 1.0
	},
	"driver_scores_pure": {
		"amoc": 1.0,
		"binseg": 1.0,
		"bocpd": 1.0,
		"bocpdms": 0.5,
		"cpnp": 1.0,
		"ecp": 1.0,
		"kcpa": 1.0,
		"pelt": 1.0,
		"rbocpdms": null,
		"rfpop": 1.0,
		"segneigh": 1.0,
		"wbs": 1.0,
		"zero": 1.0
	},
	"driver_scores_random": {
		"amoc": 0.16666666666666669,
		"binseg": 0.23529411764705885,
		"bocpd": 0.25000000000000006,
		"bocpdms": 0.14285714285714288,
		"cpnp": 0.25000000000000006,
		"ecp": 0.25000000000000006,
		"kcpa": 0.12500000000000003,
		"pelt": 0.28571428571428575,
		"rbocpdms": null,
		"rfpop": 0.16666666666666669,
		"segneigh": 0.28571428571428575,
		"wbs": 0.16666666666666669,
		"zero": 0.16666666666666669
	},
	"driver_scores_random1": {
		"amoc": 0.6666666666666666,
		"binseg": 0.6666666666666666,
		"bocpd": 0.6666666666666666,
		"bocpdms": 0.3333333333333333,
		"cpnp": 0.6666666666666666,
		"ecp": 1.0,
		"kcpa": 0.5,
		"pelt": 0.6666666666666666,
		"rbocpdms": null,
		"rfpop": 0.5,
		"segneigh": 0.6666666666666666,
		"wbs": 0.5,
		"zero": 0.6666666666666666
	},
	"driver_scores_random1000": {
		"amoc": 0.0039880358923230315,
		"binseg": 0.9076385421867198,
		"bocpd": 0.9268542199488491,
		"bocpdms": 0.007960199004975124,
		"cpnp": 0.7923779277491069,
		"ecp": 0.884705882352941,
		"kcpa": 0.7486910994764399,
		"pelt": 0.9177939646201873,
		"rbocpdms": null,
		"rfpop": 0.009940357852882704,
		"segneigh": 0.9172306090577824,
		"wbs": 0.6795655125594026,
		"zero": 0.001996007984031936
	},
	"driver_scores_random2": {
		"amoc": 0.8,
		"binseg": 0.6666666666666666,
		"bocpd": 1.0,
		"bocpdms": 0.3333333333333333,
		"cpnp": 0.7499999999999999,
		"ecp": 1.0,
		"kcpa": 0.6666666666666666,
		"pelt": 1.0,
		"rbocpdms": null,
		"rfpop": 1.0,
		"segneigh": 1.0,
		"wbs": 1.0,
		"zero": 0.5
	},
	"driver_scores_random20": {
		"amoc": 0.17391304347826084,
		"binseg": 0.2962962962962963,
		"bocpd": 0.3846153846153846,
		"bocpdms": 0.08333333333333333,
		"cpnp": 0.3870967741935483,
		"ecp": 0.37037037037037035,
		"kcpa": 0.37037037037037035,
		"pelt": 0.36363636363636365,
		"rbocpdms": null,
		"rfpop": 0.36363636363636365,
		"segneigh": 0.3846153846153846,
		"wbs": 0.3846153846153846,
		"zero": 0.0909090909090909
	},
	"driver_scores_random200": {
		"amoc": 0.019704433497536946,
		"binseg": 0.45300113250283125,
		"bocpd": 0.398019801980198,
		"bocpdms": 0.00980392156862745,
		"cpnp": 0.5049645390070922,
		"ecp": 0.2875536480686695,
		"kcpa": 0.2273755656108597,
		"pelt": 0.5339805825242717,
		"rbocpdms": null,
		"rfpop": 0.06666666666666668,
		"segneigh": 0.5365853658536586,
		"wbs": 0.19161105815061966,
		"zero": 0.0099009900990099
	},
	"driver_scores_random4": {
		"amoc": 0.5714285714285715,
		"binseg": 0.5714285714285715,
		"bocpd": 0.6666666666666665,
		"bocpdms": 0.4444444444444445,
		"cpnp": 0.6,
		"ecp": 0.6666666666666665,
		"kcpa": 0.5454545454545454,
		"pelt": 0.6,
		"rbocpdms": null,
		"rfpop": 0.6,
		"segneigh": 0.6,
		"wbs": 0.5714285714285715,
		"zero": 0.33333333333333337
	},
	"driver_scores_random40": {
		"amoc": 0.047619047619047616,
		"binseg": 0.17857142857142858,
		"bocpd": 0.12,
		"bocpdms": 0.0909090909090909,
		"cpnp": 0.3163841807909604,
		"ecp": 0.13043478260869565,
		"kcpa": 0.1276595744680851,
		"pelt": 0.32727272727272727,
		"rbocpdms": null,
		"rfpop": 0.12,
		"segneigh": 0.32727272727272727,
		"wbs": 0.047619047619047616,
		"zero": 0.047619047619047616
	},