{
	"driver_scores_basic": {
		"amoc": 0.1994963421727752,
		"binseg": 0.5714791950819958,
		"bocpd": 0.6775413718380744,
		"bocpdms": 0.29362501029724,
		"cpnp": 0.9042123459711242,
		"ecp": 0.5639003145931977,
		"kcpa": 0.4067085095749753,
		"pelt": 0.6252292566266385,
		"rbocpdms": null,
		"rfpop": 0.6252292566266385,
		"segneigh": 0.6252292566266385,
		"wbs": 0.2946090695672982,
		"zero": 0.1
	},
	"driver_scores_every1000": {
		"amoc": 0.4898193124470655,
		"binseg": 0.9406193507817691,
		"bocpd": 0.9231916996047431,
		"bocpdms": 0.4868117307963665,
		"cpnp": 0.979190178953564,
		"ecp": 0.9801761837606453,
		"kcpa": 0.8884322015448659,
		"pelt": 0.7679845965859737,
		"rbocpdms": null,
		"rfpop": 0.9232314338556983,
		"segneigh": 0.9232314338556983,
		"wbs": 0.4748231469440832,
		"zero": 0.25
	},
	"driver_scores_every16": {
		"amoc": 0.007994482295086135,
		"binseg": 0.4211666666666667,
		"bocpd": 0.3680373737373737,
		"bocpdms": 0.006849573078854856,
		"cpnp": 0.5174775050096102,
		"ecp": 0.36432929292929295,
		"kcpa": 0.2740666666666667,
		"pelt": 0.4520269345658601,
		"rbocpdms": null,
		"rfpop": 0.02683350274690517,
		"segneigh": 0.45409158103050656,
		"wbs": 0.1673888888888889,
		"zero": 0.004000000000000003
	},
	"driver_scores_every2": {
		"amoc": 0.0010000000000000263,
		"binseg": 0.501000000000008,
		"bocpd": 0.48350000000000126,
		"bocpdms": 0.0019999999999999853,
		"cpnp": 0.9749999999999998,
		"ecp": 0.8944999999999997,
		"kcpa": 0.9995,
		"pelt": 0.9995,
		"rbocpdms": null,
		"rfpop": 0.0004999999999999726,
		"segneigh": 0.5000000000000036,
		"wbs": 0.999,
		"zero": 0.0004999999999999726
	},
	"driver_scores_every20": {
		"amoc": 0.009989892217095649,
		"binseg": 0.3475,
		"bocpd": 0.3148235930735931,
		"bocpdms": 0.007489969909729173,
		"cpnp": 0.49632045415268083,
		"ecp": 0.32392432567432566,
		"kcpa": 0.23977272727272728,
		"pelt": 0.43075694570658646,
		"rbocpdms": null,
		"rfpop": 0.017149743059631493,
		"segneigh": 0.4289674414014088,
		"wbs": 0.14386363636363636,
		"zero": 0.005000000000000004
	},
	"driver_scores_every4": {
		"amoc": 0.0020000000000000755,
		"binseg": 0.5755090909090906,
		"bocpd": 0.7412500000000011,
		"bocpdms": 0.003916162888329079,
		"cpnp": 0.5388333333333333,
		"ecp": 0.5879333333333336,
		"kcpa": 0.5445,
		"pelt": 0.633666666666667,
		"rbocpdms": null,
		"rfpop": 0.0029999999999999753,
		"segneigh": 0.6349166666666671,
		"wbs": 0.5005,
		"zero": 0.0010000000000000007
	},
	"driver_scores_every40": {
		"amoc": 0.01993528122739163,
		"binseg": 0.191,
		"bocpd": 0.19304761904761902,
		"bocpdms": 0.012434771700953343,
		"cpnp": 0.44146890859323007,
		"ecp": 0.20411904761904762,
		"kcpa": 0.1464112554112554,
		"pelt": 0.504732446104049,
		"rbocpdms": null,
		"rfpop": 0.03690501219434113,
		"segneigh": 0.5025507554200238,
		"wbs": 0.0785,
		"zero": 0.009999999999999981
	},
	"driver_scores_every400": {
		"amoc": 0.19931923819191194,
		"binseg": 0.7211897553089428,
		"bocpd": 0.6564536214146558,
		"bocpdms": 0.09999009009009008,
		"cpnp": 0.9013197893042034,
		"ecp": 0.9223504438110262,
		"kcpa": 0.7127277364217056,
		"pelt": 0.6614708319082613,
		"rbocpdms": null,
		"rfpop": 0.6104493347609498,
		"segneigh": 0.6614708319082613,
		"wbs": 0.1,
		"zero": 0.1
	},
	"driver_scores_every8": {
		"amoc": 0.003998325334332338,
		"binseg": 0.6326000000000004,
		"bocpd": 0.5597904761904763,
		"bocpdms": 0.0077989904088846046,
		"cpnp": 0.4772343467935582,
		"ecp": 0.5022523809523814,
		"kcpa": 0.3507714285714287,
		"pelt": 0.552,
		"rbocpdms": null,
		"rfpop": 0.01094764905910771,
		"segneigh": 0.5526,
		"wbs": 0.28290000000000004,
		"zero": 0.0020000000000000013
	},
	"driver_scores_every80": {
		"amoc": 0.039869762651811046,
		"binseg": 0.11685644241982769,
		"bocpd": 0.14982349165596912,
		"bocpdms": 0.022158976930792367,
		"cpnp": 0.6151555262898495,
		"ecp": 0.106,
		"kcpa": 0.10447584742816597,
		"pelt": 0.5313660020830182,
		"rbocpdms": null,
		"rfpop": 0.08159887195484926,
		"segneigh": 0.5313280273994739,
		"wbs": 0.0435,
		"zero": 0.019999999999999993
	},
	"driver_scores_half": {
		"amoc": 0.9950124378109454,
		"binseg": 0.9950124378109454,
		"bocpd": 0.9940178926441351,
		"bocpdms": 0.9970039920159681,
		"cpnp": 0.7465,
		"ecp": 0.9940178926441351,
		"kcpa": 0.9617319538017325,
		"pelt": 0.8145,
		"rbocpdms": null,
		"rfpop": 0.9950124378109454,
		"segneigh": 0.8145,
		"wbs": 0.9950124378109454,
		"zero": 0.5
	},
	"driver_scores_none": {
		"amoc": 1.0,
		"binseg": 1.0,
		"bocpd": 1.0,
		"bocpdms": 0.999,
		"cpnp": 0.6065,
		"ecp": 1.0,
		"kcpa": 1.0,
		"pelt": 1.0,
		"rbocpdms": null,
		"rfpop": 1.0,
		"segneigh": 1.0,
		"wbs": 1.0,
		"zero": 1.0
	},
	"driver_scores_pure": {
		"amoc": 1.0,
		"binseg": 1.0,
		"bocpd": 1.0,
		"bocpdms": 0.999,
		"cpnp": 1.0,
		"ecp": 1.0,
		"kcpa": 1.0,
		"pelt": 1.0,
		"rbocpdms": null,
		"rfpop": 1.0,
		"segneigh": 1.0,
		"wbs": 1.0,
		"zero": 1.0
	},
	"driver_scores_random": {
		"amoc": 0.33231525974025977,
		"binseg": 0.58044655622322,
		"bocpd": 0.6848926453375368,
		"bocpdms": 0.1336173616116116,
		"cpnp": 0.634689583357468,
		"ecp": 0.6105702551547181,
		"kcpa": 0.5218387348476917,
		"pelt": 0.658445581634372,
		"rbocpdms": null,
		"rfpop": 0.4670075508987018,
		"segneigh": 0.6422970642611245,
		"wbs": 0.133773,
		"zero": 0.133773
	},
	"driver_scores_random1": {
		"amoc": 0.989049147034931,
		"binseg": 0.9880584415584416,
		"bocpd": 0.989049147034931,
		"bocpdms": 0.9885406504065041,
		"cpnp": 0.956,
		"ecp": 0.9960102040816327,
		"kcpa": 0.9920406091370557,
		"pelt": 0.9880584415584416,
		"rbocpdms": null,
		"rfpop": 0.9880584415584416,
		"segneigh": 0.9880584415584416,
		"wbs": 0.9880584415584416,
		"zero": 0.5241999999999999
	},
	"driver_scores_random1000": {
		"amoc": 0.003025720027781402,
		"binseg": 0.5269607142857149,
		"bocpd": 0.5500166666666666,
		"bocpdms": 0.004256009952340943,
		"cpnp": 0.5305,
		"ecp": 0.5501291666666674,
		"kcpa": 0.5335833333333334,
		"pelt": 0.5419666666666677,
		"rbocpdms": null,
		"rfpop": 0.0073601417417238635,
		"segneigh": 0.5387166666666675,
		"wbs": 0.5070833333333333,
		"zero": 0.0014595000000000027
	},
	"driver_scores_random2": {
		"amoc": 0.636430669398907,
		"binseg": 0.9910355754958341,
		"bocpd": 0.9990006265664161,
		"bocpdms": 0.34179259738955825,
		"cpnp": 0.8876686722345962,
		"ecp": 0.9990006265664161,
		"kcpa": 0.9910741758241759,
		"pelt": 0.9970045043185541,
		"rbocpdms": null,
		"rfpop": 0.9970045043185541,
		"segneigh": 0.9970045043185541,
		"wbs": 0.9970045043185541,
		"zero": 0.3417835
	},
	"driver_scores_random20": {
		"amoc": 0.16810978321289605,
		"binseg": 0.6214755740854402,
		"bocpd": 0.5530165133908032,
		"bocpdms": 0.07182026451451451,
		"cpnp": 0.6784324750504381,
		"ecp": 0.5164717462536682,
		"kcpa": 0.48423070750592234,
		"pelt": 0.5685748797613867,
		"rbocpdms": null,
		"rfpop": 0.5685748797613867,
		"segneigh": 0.5685748797613867,
		"wbs": 0.3991127513562276,
		"zero": 0.07184
	},
	"driver_scores_random200": {
		"amoc": 0.018344522968197843,
		"binseg": 0.2877940476190476,
		"bocpd": 0.26825883256528416,
		"bocpdms": 0.011286860581745235,
		"cpnp": 0.44403597410811263,
		"ecp": 0.24951940483873802,
		"kcpa": 0.18638333333333332,
		"pelt": 0.4322072033617756,
		"rbocpdms": null,
		"rfpop": 0.05671060414355493,
		"segneigh": 0.4323238700284423,
		"wbs": 0.12838888888888889,
		"zero": 0.008904500000000003
	},
	"driver_scores_random4": {
		"amoc": 0.49870104292855844,
		"binseg": 0.7698225190662012,
		"bocpd": 0.9081060892250998,
		"bocpdms": 0.51406236821433,
		"cpnp": 0.9647327139614142,
		"ecp": 0.9463127708390415,
		"kcpa": 0.9494225363813172,
		"pelt": 0.8866452082415649,
		"rbocpdms": null,
		"rfpop": 0.9265682097000072,
		"segneigh": 0.8866452082415649,
		"wbs": 0.498064510915465,
		"zero": 0.257022
	},
	"driver_scores_random40": {
		"amoc": 0.10958131291114499,
		"binseg": 0.3318271692329341,
		"bocpd": 0.37592736939926946,
		"bocpdms": 0.053620883534136556,
		"cpnp": 0.5564403703778559,